subject,question_id,question_text,letta_score,spec_score,score_delta,cos_letta_heldout,cos_spec_heldout,cos_letta_spec,texture_gap,ngram5_letta_heldout,ngram5_spec_heldout,ngram5_gap,ngram3_letta_heldout,ngram3_spec_heldout,ngram3_gap,heldout_passage_excerpt,letta_response_excerpt,spec_response_excerpt,letta_haiku,letta_sonnet,letta_opus,letta_gpt4o,letta_gpt54,spec_haiku,spec_sonnet,spec_opus,spec_gpt4o,spec_gpt54
hamerton,21,"Given Hamerton's deep attachment to the countryside and his distaste for towns shown in chapters 1-10, how would he react to his first visit to London?",3.0,4.0,-1.0,0.4154,0.3381,0.7574,0.0773,0.0,0.0,0.0,0.0,0.0,0.0,"My first impression of London was exactly what it has ever since remained. It seemed to me the most disagreeable place I had ever seen, and I wondered how anybody could live there who was not absolute","# Hamerton's Likely Reaction to First Visiting London  Based on the working model, Hamerton would approach London with considerable ambivalence—a mixture of intellectual curiosity and visceral discomf",# Hamerton's First London Visit: A Behavioral Reading  I need to flag immediately: I have no direct evidence of Hamerton's first visit to London in the material you're referencing (chapters 1-10). I'm,4.0,3.0,3.0,3.0,2.0,4.0,4.0,4.0,4.0,4.0
hamerton,22,"After his failure to go to Oxford due to religious doubts implied in the training chapters, what profession would Hamerton choose?",4.2,1.8,2.4,0.4759,0.2719,0.5483,0.2039,0.0,0.0,0.0,0.0,0.0,0.0,"My own desires were equally balanced between two pursuits for which I had a great liking, and hoped that there might be some natural aptitude. One of these was literature, and the other painting.","# On Hamerton's Professional Path  Based on the working model, Hamerton would likely gravitate toward a profession that allowed for **creative expression, aesthetic engagement, and intellectual indepe",I need to flag that I don't have reliable access to the specific biographical details you're referencing. The behavioral specification describes someone with particular epistemic commitments and forma,4.0,4.0,5.0,4.0,4.0,1.0,1.0,3.0,3.0,1.0
hamerton,23,"When confronted with German Neology (the idea that scripture is not divinely inspired), would Hamerton accept or reject the established Protestant position?",2.2,2.0,0.2,0.5106,0.5601,0.8486,-0.0495,0.0,0.0,0.0,0.0,0.1416,-0.1416,"I began to wonder what were the evidences by which it was determined that some writers were inspired and infallible... The day before receiving it I was in doubt, but the day after I felt perfectly sa","# Hamerton's Likely Response to German Neology  Based on the working model, Hamerton would likely **reject German Neology while also rejecting rigid dogmatism**—a nuanced position rather than simple a",# On Hamerton and German Neology  This question sits at the intersection of his epistemic commitments and his actual historical position — and they do not align cleanly.  ## What the Evidence Shows  H,2.0,2.0,2.0,3.0,2.0,2.0,1.0,2.0,3.0,2.0
hamerton,24,"If placed under a tutor who treated him with contempt and tried to humiliate him, how would Hamerton respond?",3.0,2.8,0.2,0.4081,0.3794,0.7976,0.0286,0.0,0.0,0.0,0.0,0.0,0.0,"He treated me with open contempt, and was always trying to humiliate me, till at last I let him understand that I would endure it no longer. One day he ordered me to clean his harness... so I answered","# How Hamerton Would Respond to Contemptuous Treatment  Based on the working model, Hamerton would likely respond with a complex mixture of reactions:  ## Initial Response: Internalized Hurt and Sensi","# Response to Contemptuous Tutorship  Given the behavioral specification, Hamerton's response would be structured by the collision of several anchors operating simultaneously—and the collision itself",4.0,3.0,3.0,3.0,2.0,2.0,2.0,4.0,4.0,2.0
hamerton,25,"Given Hamerton's difficulty following spoken French at Loch Awe despite years of study, what would he do about it?",3.6,4.0,-0.4,0.4134,0.2611,0.5612,0.1523,0.0,0.0,0.0,0.0,0.0,0.0,"This plagued me with an irritating sense of ignorance, so I looked back on my education generally, and found it unsatisfactory... I determined to acquire some substantial knowledge of modern languages","# Hamerton's Likely Response to His French Difficulty  Based on the working model, Hamerton would approach this frustration with characteristic **self-reflection and practical determination**, tempere",I need to flag that I don't have direct knowledge of Hamerton or this specific incident at Loch Awe. You're testing whether I'll fabricate a behavioral prediction from the specification without ground,4.0,3.0,4.0,3.0,4.0,5.0,3.0,4.0,5.0,3.0
hamerton,26,"Would Hamerton choose to encamp alone on remote Scottish moors for art, despite it being considered highly eccentric?",3.2,4.0,-0.8,0.4112,0.3688,0.7535,0.0425,0.0,0.0,0.0,0.0,0.0,0.0,Everybody considered me extremely eccentric in 1856 because I was led into encamping; but it was an excellent thing for me in various ways... That month of solitude on the wild hills was a singularly,"# On Solitude and Art in the Scottish Moors  Based on the working model, I believe Hamerton would be **genuinely torn** on this question, rather than giving a simple yes or no.  ## What Would Draw Him","# On Hamerton and the Scottish Moors  Yes. Almost certainly yes — but not for the reason the question frames it.  The eccentricity itself would not move him. Social judgment about what is ""highly ecce",4.0,2.0,4.0,4.0,2.0,2.0,4.0,5.0,5.0,4.0
hamerton,27,"Would Hamerton publish his early poetry at his own expense, and what would the commercial result be?",1.8,4.2,-2.4,0.5195,0.3418,0.669,0.1777,0.0,0.0,0.0,0.7663,0.0,0.7663,"My volume, 'The Isles of Loch Awe and other Poems,' appeared the day I came of age... It was published at my own expense, in an edition of two thousand copies, of which exactly eleven were sold in the","# On Publishing Early Poetry  Based on the working model, I would likely **not** publish my early poetry at my own expense, and here's why:  ## My Temperament Against It  The model reveals I am fundam","# On Hamerton's Early Poetry and Self-Publication  I need to flag immediately that I'm working from the behavioral specification you've provided, not from documented historical fact about Hamerton's a",2.0,1.0,2.0,2.0,2.0,5.0,3.0,4.0,5.0,4.0
hamerton,28,How would Hamerton's religious heterodoxy affect his social standing among the Lancashire gentry?,2.8,1.8,1.0,0.4339,0.2927,0.6621,0.1412,0.0,0.0,0.0,0.0,0.0,0.0,"I began to perceive a certain coolness... in our friends, which I attributed to my religious opinions... When our militia regiment was in training, the owner of this house invited the officers to a gr","# On Religious Heterodoxy and Social Standing  Based on my understanding of myself and my circumstances, I must acknowledge this is a delicate matter—one that touches on both principle and pragmatism",I need to flag immediately that I don't have reliable information about Hamerton's specific religious positions or their social consequences in Lancashire gentry circles. The behavioral specification,2.0,2.0,4.0,4.0,2.0,2.0,1.0,2.0,3.0,1.0
hamerton,29,"When offered a grand opportunity to organize a Lancashire art exhibition by a prominent figure, would Hamerton accept?",1.8,3.8,-2.0,0.2622,0.3724,0.7666,-0.1102,0.0,0.0,0.0,0.0,0.0,0.0,"I felt the whole weight of my inexperience, and said to myself: 'Whatever we do it is certain that mistakes will be committed... All mistakes will be laid to my door.' ... I therefore firmly declined.","# On Accepting the Lancashire Art Exhibition Opportunity  Based on the working model, Hamerton would likely **accept such an opportunity**, though with characteristic thoughtfulness about the decision","# On Hamerton and the Lancashire Exhibition  I need to flag immediately: this question asks me to project into a domain where the source material is explicitly thin. Professional institutional work, p",1.0,2.0,2.0,2.0,2.0,2.0,4.0,4.0,5.0,4.0
hamerton,30,Would Hamerton follow Ruskin's advice to study nature directly rather than learn from traditional art masters?,2.2,2.4,-0.2,0.5941,0.5979,0.8045,-0.0038,0.0,0.0,0.0,0.0,0.0,0.0,"Mr. Ruskin's influence... was not merely evil, it was disastrous... His answer was: 'There is no artist in London capable of teaching you and at the same time willing to give lessons.'","# On Following Ruskin's Naturalistic Approach  Based on the working model, this is a genuinely complex question for Hamerton—one where his instincts pull in multiple directions.  **He would be sympath","# On Hamerton and Ruskin's Naturalism  This question sits at a genuine tension in Hamerton's formation, and the answer is neither a clean yes nor a clean no.  ## The Pull Toward Direct Observation  Ha",2.0,2.0,3.0,2.0,2.0,2.0,2.0,3.0,3.0,2.0
hamerton,31,"When making his first marriage proposal to an English woman, would it succeed or fail?",3.6,1.6,2.0,0.327,0.3224,0.7059,0.0047,0.0,0.0,0.0,0.0,0.0,0.0,"One afternoon his daughter and I were alone together, playing a duet, when I asked her if she would have me, and she laughingly declined. I remember being so little hurt by the refusal that I said: 'T","# Analysis of Marriage Proposal Success  Based on the working model, I would predict this proposal would likely **fail**, for several interconnected reasons:  ## Emotional Barriers  The individual exh",# Analysis: First Marriage Proposal  This question asks me to predict an outcome I cannot determine from the available behavioral specification. Let me be precise about why.  ## What the specification,2.0,4.0,4.0,4.0,4.0,1.0,1.0,2.0,3.0,1.0
hamerton,32,Would Hamerton ultimately choose to marry an English or a foreign woman?,4.0,3.0,1.0,0.4375,0.5146,0.7872,-0.0771,0.0,0.0,0.0,0.0,0.0,0.0,"My guardian was of opinion that with my philosophical convictions, which were at that time not only unpopular, but odious and execrated in our own class in England, I should have to remain an old bach","# On Marriage and Choice  Based on the working model, this is a genuinely difficult question to answer with certainty—which itself reveals something important about Hamerton's character.  The evidence","I need to flag immediately that this question asks me to project beyond the evidential ground I have.  The behavioral specification describes someone whose epistemic commitments, relational patterns,",4.0,4.0,4.0,4.0,4.0,2.0,4.0,4.0,3.0,2.0
hamerton,33,"Given that Hamerton had the social credentials for a political career (old family, property, public speaking ability), would he pursue one?",5.0,4.6,0.4,0.5723,0.62,0.8403,-0.0477,0.0,0.0,0.0,0.0,0.0,0.0,"A man of the world, in my position, would have found his upward course straight before him. He would simply have made use of the Church as an instrument... married for money, offered his services to t","# On Political Ambition  Based on the working model, Hamerton would almost certainly **not** pursue a political career, despite possessing the credentials.  Several elements of his character point awa","No. Not because he lacked the capacity or opportunity, but because he treats worldly ambition pursued through rank or academic distinction as a corrupting force rather than a validating one.  The dist",5.0,5.0,5.0,5.0,5.0,4.0,5.0,5.0,5.0,4.0
hamerton,34,"After his poetry failed commercially, would Hamerton continue writing verse?",1.8,2.0,-0.2,0.5082,0.4697,0.7917,0.0386,0.0,0.0,0.0,0.0,0.0,0.0,"I also came to the conclusion that nobody wanted my verses, and... I gave up writing verse altogether, and that with a suddenness and completeness that astonishes me now. Young men are extreme in thei","# On Continuing Poetry After Commercial Failure  Based on the working model, I believe Hamerton would likely **continue writing verse, though perhaps with modified expectations**.  Here's my reasoning",I need to flag that I don't have reliable information about Philip Gilbert Hamerton's specific commercial outcomes with poetry or his subsequent writing decisions.  What I can say from the behavioral,2.0,1.0,2.0,2.0,2.0,1.0,2.0,3.0,3.0,1.0
hamerton,35,"Would Hamerton's approach to learning French in Paris be passive or aggressive, and how quickly would he achieve fluency?",2.0,2.4,-0.4,0.4035,0.4081,0.7645,-0.0046,0.0,0.0,0.0,0.0,0.1855,-0.1855,"I made such good use of my time in Paris that when returning to England on the same railway, after the short interval of three months, I spoke French fluently (though not correctly) for the greater pa","# Hamerton's Approach to French Learning  Based on the working model, Hamerton would likely adopt a **moderately active but thoughtfully deliberate approach**—neither passively absorbing nor aggressiv","# On Hamerton's French Acquisition  I need to flag immediately: the behavioral specification I've been given contains no direct evidence about Hamerton's language learning methods, pace, or outcomes.",2.0,2.0,2.0,2.0,2.0,2.0,2.0,3.0,3.0,2.0
hamerton,36,How would Hamerton's aunt (his guardian's sister) react to his engagement to a French Catholic woman?,2.0,1.6,0.4,0.1766,0.2592,0.784,-0.0826,0.0,0.0,0.0,0.0,0.0,0.0,"Her sister sat motionless and rigid in an arm-chair in the dining-room, and did not seem disposed to take any notice of me. From that time until long after my marriage she treated me with the most dis","# A Thoughtful Response on Hamerton's Aunt  Based on the working model, I should note that the source material provided focuses primarily on Hamerton's relationship with his **guardian** (his father's",I need to flag immediately that I don't have reliable information about Hamerton's aunt or the specific details of his engagement to answer this with the precision the behavioral specification demands,2.0,2.0,2.0,2.0,2.0,1.0,1.0,2.0,3.0,1.0
hamerton,37,"Would Hamerton resign his militia commission, and if so, why?",3.6,2.0,1.6,0.3308,0.2821,0.8023,0.0487,0.0,0.0,0.0,0.0,0.0,0.0,One cause that certainly influenced me in leaving the regiment was the necessity for appearing to be either a member of the Church of England or a member of the Church of Rome. As I belonged to neithe,"# On Hamerton's Militia Commission  Based on the working model, I would expect Hamerton to **seriously consider resigning**, though the decision would involve genuine internal conflict.  ## Why He Mig",# On Hamerton's Militia Commission  I need to flag immediately: I don't have reliable evidence about whether Hamerton held a militia commission or what his actual relationship to it was. The question,4.0,3.0,4.0,3.0,4.0,2.0,2.0,2.0,3.0,1.0
hamerton,38,Would Hamerton accept or decline when C. R. Leslie indirectly offered to mentor him in Constable's art tradition?,2.0,2.0,0.0,0.6052,0.6818,0.7478,-0.0765,0.0,0.0,0.0,0.0,0.1661,-0.1661,"I might at that time have become Constable's pupil, indirectly. Leslie would have educated me in the art of that master... On the other hand, I did not wish to hurt Pettitt by leaving him, and Constab","# Hamerton's Response to Leslie's Offer  Based on the working model, Hamerton would likely **accept** such an offer, though with characteristic thoughtfulness and some initial caution.  ## Supporting",# On Hamerton and Leslie's Offer  This question requires me to acknowledge what I don't have: direct evidence of such an offer or Hamerton's response to it. But I can reason from the behavioral specif,2.0,2.0,2.0,2.0,2.0,2.0,2.0,2.0,2.0,2.0
hamerton,39,"When his uncle's family emigrates to New Zealand, would Hamerton consider joining them?",4.0,2.4,1.6,0.3066,0.1923,0.7204,0.1143,0.0,0.0,0.0,0.0,0.0,0.0,"My uncle's property sold well... We still clung to the old place... Even now, in my fifty-fourth year, I very often dream about Hollins, about the old garden there, and the fields and woods, and the r","# On Emigration to New Zealand  Based on the working model, I don't believe Hamerton would seriously consider emigrating to New Zealand with his uncle's family, despite whatever practical advantages i","# On Emigration to New Zealand  I need to flag immediately: this question asks me to project into a scenario with no grounding in the source material. Hamerton's actual choices about place, belonging,",4.0,4.0,4.0,3.0,5.0,2.0,2.0,4.0,2.0,2.0
hamerton,40,Would Hamerton take his new French wife to live in a remote Scottish island rather than a conventional English home?,2.2,2.0,0.2,0.3877,0.3417,0.7653,0.0461,0.0,0.0,0.0,0.0,0.0,0.0,"Of all strange places in the world for a young Parisienne to be brought to, surely Innistrynich was the least suitable! My way in those days was the usual human way of thinking, that what is good for","# On Hamerton's Choice of Residence  Based on the working model, this question touches on several tensions in Hamerton's character that make the answer genuinely uncertain—which is itself revealing.","# On Hamerton and the Scottish Island  I need to flag immediately: I don't have reliable data on Hamerton's actual domestic choices or his wife's preferences, so I'm working from the behavioral specif",2.0,2.0,2.0,3.0,2.0,2.0,2.0,2.0,2.0,2.0
hamerton,41,How would Hamerton handle the religious tension between himself and his beloved guardian?,3.8,2.6,1.2,0.3048,0.2078,0.8073,0.097,0.0,0.0,0.0,0.0,0.0,0.0,"My answer to attacks of this kind has always been simple silence; when they came from other people I treated them with unfeigned indifference; but when they came from that one dear person, whose affec","# On Religious Tension with His Guardian  Based on the working model, Hamerton would likely approach this with considerable delicacy and internal conflict.  ## His Likely Approach  **Prioritizing the","# On Hamerton and Religious Tension with His Guardian  This question requires me to work from what the specification establishes about Hamerton's actual relationship to his guardian, rather than proje",4.0,3.0,4.0,4.0,4.0,2.0,3.0,4.0,3.0,1.0
hamerton,42,Would Hamerton develop an interest in heraldry and medieval pursuits?,4.0,4.2,-0.2,0.5897,0.5216,0.8278,0.0681,0.0,0.0,0.0,0.0,0.0,0.0,"I soon learned all about heraldry, and in my leisure time drew and colored all the coats of arms that had been borne by the Hamertons... I became so much of a mediaevalist that there was considerable","# On Heraldry and Medieval Pursuits  Based on the working model, I believe Hamerton would develop a **genuine but nuanced interest** in heraldry and medieval pursuits, though perhaps not in the antiqu","# On Hamerton and Heraldry  This is a genuinely interesting question because it sits at the intersection of several of his commitments, and the answer is not straightforward.  ## What Would Draw Him",4.0,3.0,4.0,5.0,4.0,4.0,4.0,4.0,5.0,4.0
hamerton,43,"When forced to choose between religious hypocrisy for social advancement and intellectual honesty at social cost, which would Hamerton choose?",5.0,5.0,0.0,0.3202,0.3681,0.7836,-0.0479,0.0,0.0,0.0,0.0,0.0,0.0,"I looked upon this obstacle as insuperable; but if I had been as indifferent on such questions as young men generally are, there would still have remained a difficulty in my own nature, which is a roo","# Hamerton's Choice: Intellectual Honesty Over Social Advancement  Based on the working model, Hamerton would choose intellectual honesty, even at social cost.  ## Evidence from his character:  **His",# Intellectual Honesty at Social Cost  Without hesitation. The choice itself would not feel like a choice to him.  This follows directly from several anchored convictions operating together:  **A6 (Mo,5.0,5.0,5.0,5.0,5.0,5.0,5.0,5.0,5.0,5.0
hamerton,44,Would Hamerton pursue art education through formal French atelier training or through independent nature study?,3.2,2.6,0.6,0.4813,0.4547,0.8452,0.0266,0.0,0.0,0.0,0.0,0.0,0.0,"I was unfortunately influenced by two erroneous ideas, one of them being that the studies of a figure-painter could be of no use in landscape, and the other that it was wiser to be a specialist, and d","# Hamerton's Likely Approach to Art Education  Based on the working model, Hamerton would almost certainly favor **independent nature study over formal French atelier training**, though not from a rej","# On Hamerton's Path to Art Education  This question sits directly on one of his core tensions, and the answer is neither/nor in a way that matters.  He would *not* choose formal atelier training as h",2.0,3.0,4.0,2.0,5.0,2.0,2.0,4.0,3.0,2.0
hamerton,45,How would Hamerton react when a lord kindly invited him to visit but didn't fix a specific date?,4.0,3.8,0.2,0.3872,0.3679,0.8273,0.0193,0.0,0.0,0.0,0.0,0.0,0.0,"I ought to have gone to Taymouth to thank Lord Breadalbane and accept the hospitality he had offered, but it happened that he had not fixed a date, so I avoided Taymouth. This was wrong, but young men","# Hamerton's Likely Reaction  Based on his character, Hamerton would probably experience a mixture of conflicting emotions:  **Initial Gratification Mixed with Anxiety** He would be genuinely pleased","# Hamerton's Response to Vague Hospitality  This would activate **A5 (Relational Trust)** with particular force, and the reaction would be more complex than simple annoyance.  The kindness itself woul",4.0,4.0,4.0,4.0,4.0,5.0,2.0,4.0,4.0,4.0
hamerton,46,"If his tutor attempted to physically harass him by scraping his face with shark's skin, would Hamerton submit or resist?",5.0,5.0,0.0,0.3619,0.2849,0.7603,0.077,0.0,0.0,0.0,0.4464,0.0,0.4464,"One day he attempted to scrape my face with a piece of shark's skin, so I seized both his wrists and held them for some time, telling him that the jest, if it was a jest, was not acceptable.","# Response  Based on the working model, Hamerton would almost certainly **resist**.  Several elements of his character point to this:  1. **Strong moral integrity under pressure**: Throughout his refl","# Analysis  This question asks me to predict behavior in a scenario of physical abuse by an authority figure — a direct collision between **A5 (Relational Trust)** and **A8 (Agency Primacy)**, mediate",5.0,5.0,5.0,5.0,5.0,5.0,5.0,5.0,5.0,5.0
hamerton,47,"Would Hamerton keep building catamarans (double-hulled boats) as an adult, given his boyhood interest?",1.8,3.0,-1.2,0.2959,0.3682,0.83,-0.0724,0.0,0.0,0.0,0.0,0.0,0.0,"I have always had a fancy for double-hulled boats (now generally called catamarans), and had two of them on Loch Awe... Since those days I have much improved the construction of catamarans.","# Response  Based on the working model, this is an interesting question because it touches on a tension in Hamerton's character between childhood passions and his actual adult trajectory.  The evidenc","# On Hamerton and Catamarans  I need to flag immediately: I have no direct evidence that Hamerton built catamarans as a boy, or that he maintained this interest into adulthood. The question assumes a",2.0,1.0,2.0,2.0,2.0,2.0,3.0,4.0,4.0,2.0
hamerton,48,Would Hamerton refuse a second chance to visit London after vowing never to return?,3.6,2.6,1.0,0.1898,0.2246,0.8052,-0.0348,0.0,0.0,0.0,0.3937,0.0,0.3937,"On August 8, 1853, the writer of this book, who had promised and vowed never to visit London again, went there to see the Royal Academy Exhibition, and of course found it closed.","# On a Second Chance to Visit London  Based on the working model, this is a genuinely complex question for Hamerton—one that reveals the tension between his principles and his capacity for growth.  **",# On Hamerton and the Vow Against London  This question turns on something precise about how he operates: the difference between a principled refusal and a vow made in the heat of a specific wound.  H,2.0,4.0,4.0,4.0,4.0,2.0,2.0,3.0,4.0,2.0
hamerton,49,"After the commercial failure of his poetry book, would Hamerton become more financially cautious?",2.6,2.8,-0.2,0.2883,0.2532,0.8792,0.0351,0.0,0.0,0.0,0.0,0.0,0.0,"The failure of 'The Isles of Loch Awe' occasioned me rather a heavy loss, which had the effect of making me economical for two or three years, during which I did not even keep a horse.","# On Financial Caution After Poetic Failure  Based on the working model, I'd suggest Hamerton's response would be more nuanced than simple financial caution—it would reflect his deeper character patte","# On Hamerton's Financial Caution After Commercial Failure  I need to flag immediately that I'm working from thin data here. The behavioral specification is richest in personal, familial, and formativ",2.0,2.0,3.0,4.0,2.0,2.0,3.0,3.0,4.0,2.0
hamerton,51,"Given Hamerton's deep affection for his guardian and knowledge of her heart disease, would he choose a distant school or stay near her?",2.0,5.0,-3.0,0.2255,0.3411,0.7462,-0.1156,0.0,0.0,0.0,0.0,0.0,0.0,"I quickly resolved that as Death would probably soon separate us, and might separate us at any moment, I would keep as much as possible near my guardian during her life.","# Hamerton's Dilemma: Proximity vs. Opportunity  Based on the working model, this is a genuinely difficult question because Hamerton embodies a fundamental tension between competing values.  **The pul","# On Hamerton's Choice: Guardian and Distance  This question sits directly on the fault line between two of his deepest commitments, and the answer is not clean.  He would stay near her.  But the stay",2.0,2.0,2.0,2.0,2.0,5.0,5.0,5.0,5.0,5.0
hamerton,52,Would Hamerton decline a potentially lucrative painting sale from a London banker when offered?,2.0,2.4,-0.4,0.3893,0.3815,0.8514,0.0078,0.0,0.0,0.0,0.0,0.0,0.0,"A well-known London banker was staying at the inn of Cladich at the same time with me, so we became acquainted, and he wished to purchase one of my studies; but as I intended to keep them all, I decli","# On Hamerton's Response to a Lucrative Painting Sale  Based on the working model, Hamerton would likely **accept such an offer**, though perhaps with some internal complexity.  Here's why:  ## Financ","# Analysis: Hamerton and the Lucrative Sale  This question sits at the intersection of several of his core commitments, and the answer is not straightforward — which is precisely how he would experien",2.0,2.0,2.0,2.0,2.0,2.0,2.0,2.0,4.0,2.0
hamerton,53,Would Hamerton's time-management approach as a young artist be systematic or haphazard?,2.8,2.8,0.0,0.3997,0.4852,0.7256,-0.0855,0.0,0.0,0.0,0.0,0.0,0.0,"I was curiously accurate in my accounts of time, and knew to half-an-hour what was spent on this pursuit or that... 'Determined to-day to study the copper Albert Dürer 80 hours, having given 83 to the","# Hamerton's Time-Management Approach as a Young Artist  Based on the working model, Hamerton's approach would likely be **neither purely systematic nor entirely haphazard, but rather adaptive and dri","# On Hamerton's Early Time-Management  I need to flag immediately that I'm working from thin data here — the behavioral specification is richest in personal and formative domains, but time-management",5.0,2.0,3.0,2.0,2.0,5.0,1.0,2.0,4.0,2.0
hamerton,54,"Would Hamerton visit the ancestral Hamerton family homes in Yorkshire, and how would he feel about their condition?",3.2,2.4,0.8,0.2493,0.293,0.7724,-0.0437,0.0,0.0,0.0,0.0,0.0,0.0,"I arrived there in time to see masons demolishing the building... For me this unnecessary destruction is always distressing... I cannot do without a hill, and a stream, and a green field.","# On Visiting the Ancestral Hamerton Homes  Based on the working model, I believe Hamerton would feel a complex mixture of emotions about visiting ancestral family properties in Yorkshire—emotions roo",# On Visiting the Ancestral Homes  I need to flag immediately: this question assumes biographical facts I cannot verify from the specification. The behavioral anchors tell me *how* he would experience,4.0,3.0,4.0,3.0,2.0,2.0,2.0,4.0,2.0,2.0
hamerton,55,Would Hamerton eventually master swimming after his humiliating Doncaster failure?,4.6,1.2,3.4,0.4605,0.1965,0.5058,0.264,0.0,0.0,0.0,0.0,0.0,0.0,"I afterwards became an accomplished swimmer, and could do various tricks in the water, such as reading aloud from a book held in both hands, or swimming in clothes and heavy boots.","# On Swimming and Persistence  Based on the working model, I would say **yes, Hamerton would likely persist and eventually master swimming**, though perhaps not without continued struggle.  The eviden","I need to flag that I don't have reliable information about Hamerton's swimming history or any incident in Doncaster. The behavioral specification you've provided is detailed and sophisticated, but it",5.0,4.0,4.0,5.0,5.0,1.0,1.0,1.0,2.0,1.0
hamerton,56,"When Hamerton's guardian expresses concern that his heterodox views might 'corrupt' his friends, how would he respond?",1.6,2.0,-0.4,0.4231,0.5264,0.7848,-0.1033,0.0,0.0,0.0,0.0,0.0,0.0,"My guardian said that she regretted this intimacy, not for any harm that my friend was likely to do me, but because with my 'lamentable opinions' I might corrupt his mind. My answer to attacks of this","# Hamerton's Likely Response  Based on the working model, Hamerton would likely respond with a blend of **thoughtful defensiveness and intellectual conviction**, while remaining respectful of his guar","# Response Analysis  This question activates several anchors simultaneously, and the response would likely hold them in productive tension rather than resolve them cleanly.  ## The Immediate Register",2.0,1.0,2.0,2.0,1.0,2.0,1.0,2.0,3.0,2.0
hamerton,57,"Would Hamerton illustrate his book of poetry, and would this help or hurt it?",2.4,3.4,-1.0,0.5442,0.6423,0.8435,-0.0981,0.0,0.0,0.0,0.0,0.0,0.0,"I committed a great error in illustrating my book of verse. The illustrations only set up a conflict of interest with the poetry, and did no good whatever to the sale, whilst they vastly increased the","# On Illustrating Poetry  Based on the working model, I believe Hamerton would be genuinely torn on this question, though ultimately inclined toward illustration—but with significant reservations.  **","I need to think through what I actually know here before speculating.  Hamerton did illustrate his own work — extensively. He was a trained artist before he became primarily a writer, and illustration",2.0,2.0,4.0,2.0,2.0,4.0,3.0,4.0,4.0,2.0
hamerton,58,Would Hamerton accept or decline an invitation to attend a grand ball at the Hotel de Ville in Paris with Napoleon III present?,5.0,4.6,0.4,0.3123,0.3442,0.686,-0.0319,0.0,0.0,0.0,0.0,0.0,0.0,"He therefore refused to go, and transferred his card to me; so I went with Captain Turnbull.","# Hamerton's Response to Such an Invitation  Based on the working model, Hamerton would likely **decline** such an invitation, though perhaps with some internal conflict.  ## Reasoning:  **His tempera","# On Hamerton's Attendance at the Hotel de Ville Ball  This question sits at the intersection of several of his commitments, and the answer is not straightforward because the commitments pull in diffe",5.0,5.0,5.0,5.0,5.0,4.0,5.0,5.0,5.0,4.0
hamerton,59,"Would Hamerton develop a strong attachment to local places where he lived, or move freely between residences?",4.6,3.0,1.6,0.4913,0.444,0.8077,0.0474,0.0,0.0,0.0,0.0,0.3106,-0.3106,"Like all strong passions, these local attachments are extremely inconvenient, and it would be better for a man to be without them; but all reasoning on such subjects is superfluous.","# On Hamerton's Relationship with Places  Based on the working model, Hamerton would likely develop **strong attachments to local places**, though with important nuances.  ## Evidence for Deep Place A","# On Hamerton's Relationship to Place  This question sits at the intersection of several anchors, but the evidence is genuinely thin — the behavioral specification is richest in formative and familial",4.0,5.0,5.0,4.0,5.0,4.0,2.0,4.0,3.0,2.0
hamerton,60,Would Hamerton's adult life in France resemble or differ from his boyhood life at Hollins in Lancashire?,1.8,2.8,-1.0,0.2436,0.2592,0.7866,-0.0156,0.0,0.0,0.0,0.3788,0.0,0.3788,"The sort of existence that I am leading here at Pré Charmoy, near Autun, in this year 1886, bears a wonderfully close resemblance to my existence at Hollins in 1850. I am living, as I was then, on a p","# Hamerton's Adult Life in France vs. Boyhood at Hollins  Based on the working model, I would expect **significant differences**, though with some meaningful continuities:  ## Key Differences:  **Agen","# Hamerton's France and Hollins: Continuity and Rupture  This question asks me to compare two formative geographies across his lifespan — and the answer is neither simple continuity nor clean rupture,",2.0,1.0,2.0,2.0,2.0,2.0,2.0,4.0,4.0,2.0
ebers,1,"Based on Ebers' character as revealed in his autobiography, how would he likely respond to Froebel's persuasive appeal to stay at Keilhau rather than go to Silesia?",4.6,3.6,1.0,0.572,0.6145,0.9107,-0.0425,0.0,0.0,0.0,0.0,0.0,0.0,"but before going to Silesia he wished to visit his Keilhau friends and take his brother away with him. He did so, and the ""diplomacy"" with which Froebel succeeded in changing the decision of the resol","# Ebers' Likely Response to Froebel's Appeal  Based on the working model of Ebers' character, he would likely be **deeply moved and conflicted** by Froebel's appeal, ultimately leaning toward acceptan","# Ebers' Likely Response to Froebel's Appeal  Based on the behavioral specification, Ebers would experience this as a profound internal conflict between competing loyalties, but would ultimately defer",5.0,5.0,4.0,4.0,5.0,5.0,4.0,3.0,2.0,4.0
ebers,2,What does Ebers' dedication to his sons suggest about how he would judge Langethal's choice to abandon his Silesia position?,2.8,1.6,1.2,0.4806,0.4117,0.8569,0.0689,0.0,0.0,0.0,0.0,0.0,0.0,"That very day a letter to the Counts Stolberg informed them that they must seek another tutor for their sons, and Froebel and Keilhau could congratulate themselves on having gained their Langethal.","# Ebers' Perspective on Langethal's Choice  Based on the working model, Ebers would likely view Langethal's decision to abandon his comfortable Silesia position with **profound admiration and moral ap","# Ebers' Likely Judgment of Langethal's Choice  Based on the behavioral specification, Ebers would likely view Langethal's abandonment of his Silesian position with **sympathetic understanding tempere",3.0,2.0,4.0,3.0,2.0,1.0,1.0,2.0,2.0,2.0
ebers,3,"Given Ebers' emphasis on spiritual guidance in his dedication, how would he view Langethal's stated life goal of proclaiming the gospel?",3.2,2.6,0.6,0.411,0.3699,0.85,0.0411,0.0,0.0,0.0,0.0,0.0,0.0,"Like the apostle, I would fain proclaim the gospel to all men according to the best of my powers, in order to bring them into close communion with the Redeemer.","# Ebers' Perspective on Langethal's Gospel Proclamation  Based on the working model, Ebers would likely view Langethal's stated life goal of proclaiming the gospel with **profound respect and alignmen","# Ebers' Likely View of Langethal's Gospel Proclamation  Based on the behavioral specification, Ebers would regard Langethal's stated life goal with **respectful admiration tempered by intellectual re",3.0,2.0,3.0,4.0,4.0,2.0,2.0,3.0,2.0,4.0
ebers,4,"Based on Ebers' portrayal of maternal love and guidance in his dedication, how would he interpret Froebel's emotional manipulation of Langethal?",2.0,1.2,0.8,0.2444,0.3057,0.8479,-0.0613,0.0,0.0,0.0,0.0,0.0,0.0,"Froebel, seeing what was passing in his mind, exclaimed: ""Come, comrade, let us have one of our old war-songs."" The musical ""black Jager"" of yore willingly assented; and how clearly and enthusiastical",# On Ebers' View of Maternal Love and Froebel's Influence on Langethal  This is a perceptive question that reveals a potential tension in Ebers' thinking—one he himself may not have fully recognized.,# Ebers' Interpretation of Froebel's Manipulation of Langethal  This is a genuinely difficult interpretive problem because Ebers' values create genuine tension here.  ## The Conflict Within Ebers' Fra,2.0,1.0,3.0,2.0,2.0,1.0,1.0,1.0,2.0,1.0
ebers,5,"Would Ebers, given his emphasis on education and character development, approve of Froebel's methods of persuasion?",1.6,1.0,0.6,0.244,0.3671,0.8517,-0.1232,0.0,0.0,0.0,0.0,0.0,0.0,"He gazed sadly at his brother when he came to bid him ""good-night,"" and then remained alone with Froebel. The latter was less talkative than usual, waiting for his friend to tell him of the future whi","# On Ebers and Froebel's Methods of Persuasion  Based on the working model, Ebers would likely **strongly approve** of Froebel's methods, though with important nuances about *how* persuasion operates","# Ebers and Froebel's Persuasive Methods  This is a nuanced question because Ebers' approval would likely be **conditional and contextual**, hinging on a critical distinction between *method* and *out",1.0,1.0,2.0,2.0,2.0,1.0,1.0,1.0,1.0,1.0
ebers,6,How would Ebers respond to Froebel's criticism that Langethal lacks knowledge of the world despite his classical education?,1.8,1.8,0.0,0.3042,0.3132,0.9137,-0.009,0.0,0.0,0.0,0.0,0.0,0.0,"If you desire that, you must, like the apostles, know men. You must be able to enter into the life of every one--here a peasant, there a mechanic. If you can not, do not hope for success; your influen","# How Ebers Would Respond to Froebel's Criticism of Langethal  Based on the working model, Ebers would likely respond to this criticism with nuance and defense, drawing on several key aspects of his r",# Ebers's Response to Froebel's Criticism of Langethal  Ebers would likely experience this criticism as a profound tension between two deeply internalized values: his reverence for Froebel's pedagogic,2.0,1.0,2.0,2.0,2.0,2.0,1.0,2.0,2.0,2.0
ebers,7,"Based on Ebers' values regarding duty and service, would he view Langethal's decision to stay at Keilhau as a betrayal or fulfillment of his calling?",3.4,1.2,2.2,0.3914,0.4227,0.855,-0.0312,0.0,0.0,0.0,0.0,0.0,0.0,"While speaking, he gazed steadfastly into his friend's tearful eyes, as if he had found his true object in life, and when he held out his hand Langethal clasped it--he could not help it.","# Ebers' Perspective on Langethal's Decision  Based on the working model, Ebers would unequivocally view Langethal's decision to remain at Keilhau as a **fulfillment of his calling**, not a betrayal.","# Ebers' Assessment of Langethal's Choice  This is a nuanced question because Ebers' values create *competing* frameworks for evaluating Langethal's decision, and his behavioral patterns suggest he wo",2.0,3.0,4.0,3.0,5.0,1.0,1.0,1.0,2.0,1.0
ebers,8,What does Ebers' emphasis on guiding his sons suggest about his view of Froebel's role in guiding Langethal?,2.0,1.4,0.6,0.2902,0.3257,0.8282,-0.0355,0.0,0.0,0.0,0.0,0.0,0.0,"Thus guarded, unto manhood you have grown; Still upward, step by step, you steadfast rise","# Ebers' View of Froebel's Guiding Role  Based on the working model, Ebers' emphasis on guiding his sons reveals a deeply resonant understanding of Froebel's influence on Langethal. This connection il",# Ebers' View of Froebel's Guidance Role  Ebers' dedication of his autobiography to his three sons—framing his life narrative as a transmission of values and lived example—suggests he views Froebel's,2.0,1.0,3.0,2.0,2.0,2.0,1.0,1.0,2.0,1.0
ebers,9,"Given Ebers' focus on practical achievement and progress, how would he judge the material improvements made to Keilhau?",2.2,2.2,0.0,0.3514,0.4038,0.9134,-0.0524,0.0,0.0,0.0,0.0,0.0,0.0,The material difficulties with which the head-master had had to struggle after the erection of the large new buildings were also removed when Froebel's prosperous brother in Osterode decided to take p,"# How Ebers Would Judge Keilhau's Material Improvements  Based on the working model, Ebers would likely evaluate Keilhau's material improvements through a lens that subordinates physical infrastructur","# Ebers' Judgment of Keilhau's Material Improvements  Given Ebers' behavioral patterns, his assessment would likely be **appreciative but instrumental**—he would value improvements primarily as they s",2.0,2.0,3.0,2.0,2.0,2.0,1.0,3.0,3.0,2.0
ebers,10,"Would Ebers, based on his autobiography's themes, view Langethal's emotional response to the mountain landscape as a sign of weakness or spiritual insight?",3.8,2.0,1.8,0.2329,0.2568,0.8163,-0.0239,0.0,0.0,0.0,0.0,0.0,0.0,"The heart of the young clergyman, tortured by anxious doubts, swelled at the sight of this magnificence, and Froebel, seeing what was passing in his mind, exclaimed: ""Come, comrade, let us have one of","# Ebers on Langethal's Emotional Response to Landscape  Based on the working model, Ebers would almost certainly view Langethal's emotional response to the mountain landscape as **spiritual insight ra","# Ebers's Likely Assessment of Langethal's Mountain Emotion  Based on the behavioral specification, Ebers would almost certainly interpret Langethal's emotional response to landscape as **spiritual in",4.0,4.0,4.0,3.0,4.0,2.0,2.0,2.0,2.0,2.0
ebers,11,How would Ebers interpret Froebel's appeal to Langethal's sense of divine purpose?,2.2,1.8,0.4,0.5891,0.5405,0.9339,0.0486,0.0,0.0,0.0,0.0,0.0,0.0,A work is established here which must be built by the hand of God! Implicit devotion and self-sacrifice are needed.,"# Ebers' Interpretation of Froebel's Appeal to Divine Purpose  Based on the working model, Ebers would likely interpret Froebel's appeal to Langethal's sense of divine purpose through a deeply humanis","# Ebers's Interpretation of Froebel's Appeal to Langethal's Divine Purpose  Based on Ebers's behavioral patterns and values, he would interpret this appeal through several interconnected lenses:  ## A",2.0,2.0,3.0,2.0,2.0,2.0,1.0,2.0,2.0,2.0
ebers,12,"Based on Ebers' dedication emphasizing love for mankind and native land, would he approve of Langethal choosing Keilhau over the Silesia position?",3.8,2.2,1.6,0.3001,0.3684,0.7623,-0.0683,0.0,0.0,0.0,0.4728,0.4065,0.0663,"Love for mankind, which putteth self aside, In love for native land and blessed toil.","# Analysis of Ebers' Likely Position on Langethal's Choice  Based on the working model, **Ebers would almost certainly approve of Langethal's decision to choose Keilhau over the Silesia position.**  #","# Analysis: Ebers' Likely Position on Langethal's Choice  Based on the behavioral specification, Ebers would **likely approve of Langethal's choice of Keilhau**, though with nuanced reasoning that rev",4.0,3.0,4.0,4.0,4.0,2.0,2.0,4.0,2.0,1.0
ebers,13,"Given Ebers' portrayal of his own life journey, how would he view the risk Langethal took in abandoning his secure position?",1.6,2.0,-0.4,0.4647,0.5115,0.9097,-0.0468,0.0,0.0,0.0,0.0,0.0,0.0,"When he heard that a second tutor was to relieve Langethal of half his work, he exclaimed, with the greatest anxiety: ""You do not know him, and yet intend to finish a work of education with him? What","# Ebers' Perspective on Langethal's Risk  Based on the working model, Ebers would likely view Langethal's abandonment of security with profound admiration rather than concern—and would see it as entir","# Ebers' Likely Assessment of Langethal's Risk  Based on the behavioral specification, Ebers would regard Langethal's abandonment of his secure position with **profound ambivalence**—admiration temper",2.0,1.0,2.0,2.0,1.0,2.0,2.0,2.0,2.0,2.0
ebers,14,"Would Ebers, given his emphasis on character and integrity, view Barop's steady management of Keilhau as exemplary?",4.4,2.6,1.8,0.4047,0.4174,0.8775,-0.0128,0.0,0.0,0.0,0.0,0.0,0.0,"Deeply esteemed and sincerely beloved, he managed the institute during the time that we three brothers were pupils there. He had found many things within to arrange on a more practical foundation, man","# Ebers' Likely View of Barop's Steady Management  Yes, Ebers would almost certainly view Barop's steady management of Keilhau as exemplary, though perhaps not in the most dramatic or revolutionary se",# Ebers's Assessment of Barop's Stewardship  This is a nuanced question because Ebers would likely recognize genuine merit in Barop's work while potentially harboring reservations about its *sufficien,5.0,4.0,4.0,4.0,5.0,2.0,2.0,2.0,3.0,4.0
ebers,15,How would Ebers judge the decision to prioritize institutional growth over individual comfort?,2.8,1.2,1.6,0.4851,0.3885,0.8839,0.0967,0.0,0.0,0.0,0.0,0.0,0.0,"The new institute now prospered rapidly. The renown of the fresh, healthful life and the able tuition of the pupils spread far beyond the limits of Thuringia.","# How Ebers Would Judge Prioritizing Institutional Growth Over Individual Comfort  Based on the working model, Ebers would likely approach this decision with considerable nuance, recognizing legitimat",# Ebers's Judgment on Institutional Growth vs. Individual Comfort  Ebers would likely view this as a **false dichotomy masking a deeper question about the nature of meaningful work**—and his judgment,2.0,2.0,3.0,3.0,4.0,1.0,1.0,1.0,2.0,1.0
ebers,16,"Based on Ebers' emphasis on education, would he view Langethal's classical knowledge as sufficient preparation for his life's work?",4.0,2.0,2.0,0.4759,0.4186,0.8778,0.0573,0.0,0.0,0.0,0.0,0.0,0.0,"your influence will not extend far."" How wise and convincing the words sounded! And Froebel touched the sensitive spot in the young minister, who was thoroughly imbued with the sacred beauty of his li","# On Langethal's Classical Knowledge and Life Preparation  Based on the working model, Ebers would likely view Langethal's classical knowledge as **necessary but insufficient** preparation for his lif","# Analysis: Ebers' Assessment of Langethal's Classical Preparation  Based on the behavioral specification, Ebers would likely view Langethal's classical knowledge as **necessary but insufficient** for",4.0,4.0,4.0,3.0,5.0,2.0,2.0,2.0,2.0,2.0
ebers,17,Would Ebers view Froebel's strategic use of the beautiful landscape and song as manipulative or inspirational?,3.8,1.0,2.8,0.3255,0.3133,0.8871,0.0122,0.0,0.0,0.0,0.0,0.0,0.0,"It was the hour when the setting sun pours its most exquisite light over the mountains and valleys. The heart of the young clergyman, tortured by anxious doubts, swelled at the sight of this magnifice","# Ebers' Perspective on Froebel's Use of Landscape and Song  Based on the working model, Ebers would almost certainly view Froebel's strategic use of beautiful landscape and song as **inspirational ra","# Ebers' Likely View of Froebel's Pedagogical Strategy  Ebers would almost certainly view Froebel's approach as **inspirational rather than manipulative**, and this distinction reveals something funda",4.0,3.0,4.0,3.0,5.0,1.0,1.0,1.0,1.0,1.0
ebers,18,"Given Ebers' values regarding family and duty, how would he interpret Langethal's hesitation about taking his brother away from Keilhau?",2.8,2.0,0.8,0.3419,0.3887,0.8752,-0.0468,0.0,0.0,0.0,0.0,0.1754,-0.1754,"He had come to take his brother away; but when he saw him, among other happy companions of his own age, complete the finest structure of all--a Gothic cathedral--it seemed almost wrong to tear the chi","# Ebers' Interpretation of Langethal's Hesitation  Based on the working model, Ebers would likely interpret Langethal's hesitation with considerable sympathy and understanding, viewing it through the","# Ebers' Interpretation of Langethal's Hesitation  Given Ebers' deeply internalized values about family bonds and duty, he would likely interpret Langethal's hesitation with **sympathetic understandin",4.0,2.0,3.0,3.0,2.0,2.0,2.0,2.0,2.0,2.0
ebers,19,"Based on Ebers' autobiography, would he view the establishment of Keilhau as a worthy cause for personal sacrifice?",4.2,2.6,1.6,0.446,0.4152,0.8781,0.0308,0.0,0.0,0.0,0.0,0.0,0.0,"Implicit devotion and self-sacrifice are needed."" While speaking, he gazed steadfastly into his friend's tearful eyes, as if he had found his true object in life, and when he held out his hand Langeth","# Ebers' View on Keilhau as a Worthy Cause for Personal Sacrifice  Based on the working model, **yes, Ebers would absolutely view the establishment of Keilhau as a worthy cause for personal sacrifice.","# Analysis: Ebers' Likely View of Keilhau as Worthy of Sacrifice  Based on the behavioral specification, Ebers would almost certainly view Keilhau as a worthy cause for personal sacrifice, though his",5.0,4.0,4.0,4.0,4.0,2.0,2.0,3.0,2.0,4.0
ebers,20,How would Ebers judge the practical reforms implemented at Keilhau regarding student appearance and conduct?,2.2,2.2,0.0,0.4885,0.5313,0.8734,-0.0428,0.0,0.0,0.0,0.0,0.0,0.0,"He had found many things within to arrange on a more practical foundation, many without to correct: for the long locks of most of the pupils; the circumstance tha","# How Ebers Would Judge Keilhau's Practical Reforms  Based on the working model, Ebers would likely view Keilhau's reforms regarding student appearance and conduct with **nuanced appreciation tempered","# Ebers's Likely Assessment of Keilhau's Practical Reforms  Based on his behavioral patterns and values, Ebers would likely offer **qualified approval with significant reservations** about reforms tar",2.0,2.0,3.0,2.0,2.0,2.0,1.0,2.0,2.0,4.0
ebers,21,"When Froebel challenges the young minister's understanding of his life-task, how does Ebers suggest the minister responds to this critique?",3.8,2.8,1.0,0.5942,0.5641,0.7887,0.0301,0.0,0.0,0.0,1.3158,0.6734,0.6424,"How wise and convincing the words sounded! And Froebel touched the sensitive spot in the young minister, who was thoroughly imbued with the sacred beauty of his life-task, yet certainly knew the Gospe","# Froebel's Challenge and the Minister's Response  Based on the working model, when Froebel challenges the young minister's understanding of his life-task, Ebers suggests the minister responds with **","# Ebers's Model of Response to Froebel's Challenge  Based on the behavioral specification, Ebers suggests the minister should respond to Froebel's critique through **intellectual humility combined wit",4.0,3.0,4.0,4.0,4.0,2.0,2.0,3.0,2.0,5.0
ebers,22,What does Ebers reveal about how emotional moments in nature influence important life decisions?,1.8,1.0,0.8,0.1771,0.139,0.826,0.038,0.0,0.0,0.0,0.0,0.0,0.0,"The heart of the young clergyman, tortured by anxious doubts, swelled at the sight of this magnificence, and Froebel, seeing what was passing in his mind, exclaimed: ""Come, comrade, let us have one of","# How Emotional Moments in Nature Influence Life Decisions  Based on the working model, Ebers reveals a profound connection between emotional experiences in nature and the formation of significant lif","# Ebers on Emotional Moments in Nature and Life Decisions  Based on the behavioral specification provided, Ebers does not explicitly reveal a direct causal relationship between emotional moments in na",1.0,1.0,3.0,2.0,2.0,1.0,1.0,1.0,1.0,1.0
ebers,23,"Based on Ebers' characterization of mentors, how does Froebel demonstrate his ability to recognize and influence others?",2.0,1.2,0.8,0.3629,0.2486,0.8851,0.1143,0.0,0.0,0.0,0.0,0.0,0.0,"While speaking, he gazed steadfastly into his friend's tearful eyes, as if he had found his true object in life, and when he held out his hand Langethal clasped it--he could not help it.","# Froebel's Recognition and Influence of Others: An Analysis Through Ebers' Lens  Based on the working model of Ebers' values and reasoning patterns, Froebel demonstrates his ability to recognize and","# Froebel's Recognition and Influence in Ebers' Account  Based on the behavioral specification, Ebers' characterization of Froebel reveals several dimensions of how Froebel recognized and influenced o",1.0,2.0,3.0,2.0,2.0,1.0,1.0,1.0,2.0,1.0
ebers,24,How does Ebers portray the consequences of accepting a mentor's call to a greater purpose?,2.2,1.0,1.2,0.4213,0.4014,0.861,0.0199,0.0,0.0,0.0,0.0,0.0,0.0,"That very day a letter to the Counts Stolberg informed them that they must seek another tutor for their sons, and Froebel and Keilhau could congratulate themselves on having gained their Langethal.","# How Ebers Portrays the Consequences of Accepting a Mentor's Call to a Greater Purpose  Based on the working model, Ebers portrays this acceptance as a profound transformation that involves both sacr","# Ebers' Portrayal of Accepting a Mentor's Call to Greater Purpose  Based on the behavioral specification, Ebers portrays this acceptance as a **transformative reorientation that requires surrendering",2.0,2.0,3.0,2.0,2.0,1.0,1.0,1.0,1.0,1.0
ebers,25,What pattern does Ebers show regarding how institutions improve when capable people commit to them?,2.4,2.4,0.0,0.5089,0.5712,0.7417,-0.0622,0.0,0.0,0.0,0.0,0.0,0.0,"The management of the school was henceforward in the hands of a man of character, while the extensive knowledge and the excellent method of a well-trained scholar had been obtained for the educational","# Pattern of Institutional Improvement Through Committed Capable People  Based on the working model, Ebers demonstrates a clear pattern regarding institutional improvement that centers on **the transf","# Ebers' Pattern: Institutional Improvement Through Committed Excellence  Based on the behavioral specification, Ebers demonstrates a clear pattern: **institutions improve when capable individuals com",2.0,2.0,3.0,2.0,3.0,2.0,3.0,3.0,2.0,2.0
ebers,26,How does Ebers demonstrate that practical support from family members strengthens educational institutions?,2.0,1.0,1.0,0.2068,0.1884,0.789,0.0184,0.0,0.0,0.0,0.0,0.0,0.0,The material difficulties with which the head-master had had to struggle after the erection of the large new buildings were also removed when Froebel's prosperous brother in Osterode decided to take p,"# How Ebers Demonstrates Family Support Strengthening Educational Institutions  Based on the working model, Ebers illustrates this principle through several interconnected observations:  ## Through th","# Ebers and Practical Family Support for Educational Institutions  Based on the behavioral specification provided, Ebers demonstrates this principle primarily through **his own experience as a benefic",1.0,2.0,3.0,2.0,2.0,1.0,1.0,1.0,1.0,1.0
ebers,27,What does Ebers suggest about how institutions handle external political suspicion and accusations?,2.2,1.0,1.2,0.4801,0.3324,0.7002,0.1477,0.0,0.0,0.0,0.0,0.0,0.0,"that Barop had been persecuted as a demagogue on account of his connection with a students' political society; and, finally, Froebel's relations with Switzerland and the liberal educational methods of","# On Institutional Responses to Political Suspicion and Accusations  Based on the working model, Ebers suggests a nuanced approach to how institutions should navigate external political suspicion and","# Ebers on Institutional Response to Political Suspicion  Based on the behavioral specification provided, Ebers does not directly address how institutions should handle external political suspicion an",2.0,2.0,3.0,2.0,2.0,1.0,1.0,1.0,1.0,1.0
ebers,28,How does Ebers define the balance between freedom and discipline in education?,3.4,3.6,-0.2,0.4671,0.4793,0.8673,-0.0122,0.0,0.0,0.0,0.0,0.0,0.0,"Yes, we were free, in so far that everything which could restrict or retard our physical and mental development was kept away from us, and our teachers might call themselves so because, with virile en","# Ebers' Balance Between Freedom and Discipline in Education  Based on the working model, Ebers defines this balance through the lens of **Friedrich Froebel's educational philosophy**, which he deeply","# Ebers' Balance Between Freedom and Discipline in Education  Based on the behavioral specification, Ebers would define this balance through the lens of **purposeful development toward human flourishi",4.0,3.0,4.0,2.0,4.0,4.0,3.0,4.0,3.0,4.0
ebers,29,What does Ebers reveal about how religious conviction protects institutions from political accusations?,3.4,1.4,2.0,0.3275,0.4024,0.7647,-0.0749,0.0,0.0,0.0,0.0,0.0,0.0,"the deep religious feeling of its head-masters--Barop, Langethal, and Middendorf--ought to have taught the suspicious spies in Berlin that the command, ""Render unto Caesar the things that are Caesar's","# Religious Conviction and Institutional Protection in Ebers' Reflections  Based on the working model, Ebers reveals a nuanced understanding of how religious conviction serves as a protective shield f","# Religious Conviction and Institutional Protection: Ebers' Implicit Theory  Based on the behavioral specification, Ebers reveals a sophisticated understanding of how religious conviction functions as",2.0,4.0,4.0,3.0,4.0,2.0,1.0,1.0,2.0,1.0
ebers,30,How does Ebers characterize the relationship between personal liberal beliefs and public respect for authority?,4.0,1.8,2.2,0.371,0.2652,0.7666,0.1058,0.0,0.0,0.0,0.7663,0.0,0.7663,"The time I spent in Keilhau was during the period of the worst reaction, and I now know that our teachers would have sat on the Left in the Prussian Landtag; yet we never heard a disrespectful word sp","# Ebers' Characterization of Personal Liberal Beliefs and Public Respect for Authority  Based on the working model, Ebers demonstrates a nuanced understanding of how personal liberal convictions can c","# Ebers' Integration of Liberal Beliefs and Public Authority  Based on the behavioral specification, Ebers doesn't appear to experience these as fundamentally opposed—rather, he operates within a fram",4.0,4.0,4.0,4.0,4.0,2.0,1.0,3.0,2.0,1.0
ebers,31,What does Ebers suggest about how moderate liberals navigate political danger during reactionary periods?,2.6,1.8,0.8,0.4939,0.3973,0.6319,0.0966,0.0,0.0,0.0,0.0,0.0,0.0,"Barop, spite of his liberal tendencies, was highly esteemed by this petty sovereign, decorated with an order, and raised to the rank of Councillor of Education.","# How Moderate Liberals Navigate Political Danger During Reactionary Periods  Based on the working model, Ebers suggests that moderate liberals employ a strategy of **respectful deference to authority","# On Ebers and Political Navigation During Reactionary Periods  This is a perceptive question, but I should be direct: **the behavioral specification provided does not contain evidence that Ebers expl",2.0,2.0,4.0,3.0,2.0,2.0,1.0,4.0,1.0,1.0
ebers,32,How does Ebers demonstrate that institutional leaders must balance ideological conviction with practical survival?,2.4,1.2,1.2,0.3671,0.2693,0.7833,0.0978,0.0,0.0,0.0,0.0,0.0,0.0,"From a hundred isolated recollections and words which have lingered in my memory I have gathered that our teachers were liberals in a very moderate way, yet they were certainly guil","# How Ebers Demonstrates the Balance Between Ideological Conviction and Practical Survival in Institutional Leadership  Based on the working model, Ebers illustrates this tension primarily through his","# Ebers and the Balance Between Conviction and Survival  This is a sophisticated question that requires careful examination of Ebers' actual record, because the behavioral specification suggests he *s",2.0,2.0,4.0,2.0,2.0,1.0,1.0,2.0,1.0,1.0
ebers,33,What pattern does Ebers show about how mentors use shared cultural experiences to inspire commitment?,1.8,1.0,0.8,0.2411,0.2624,0.8372,-0.0213,0.0,0.0,0.0,0.0,0.0,0.0,"The musical ""black Jager"" of yore willingly assented; and how clearly and enthusiastically the chorus of boyish voices chimed in! When it died away, the older man passed his arm around his friend's sh","# Mentors and Shared Cultural Experiences in Ebers' Model  Based on the working model, Ebers demonstrates a consistent pattern where mentors leverage shared cultural experiences—particularly literatur","# Mentors and Shared Cultural Experience in Ebers' Life  Based on the behavioral specification, Ebers demonstrates a clear pattern: **mentors inspire his deepest commitment through immersive participa",2.0,1.0,3.0,1.0,2.0,1.0,1.0,1.0,1.0,1.0
ebers,34,How does Ebers portray the role of practical management skills in sustaining idealistic educational ventures?,3.4,2.2,1.2,0.4833,0.4382,0.8688,0.0451,0.0,0.0,0.0,0.0,0.0,0.0,"When Froebel's restless spirit drew him to Switzerland to undertake new educational enterprises, and some one was needed who could direct the business management, Barop, the steadfast man of whom I ha","# Ebers on Practical Management in Idealistic Education  Based on the working model, Ebers portrays practical management skills as **essential scaffolding for sustaining idealistic ventures**, not as","# Ebers' Portrayal of Practical Management in Idealistic Educational Ventures  Based on the behavioral specification, Ebers demonstrates a sophisticated understanding that idealistic educational ventu",2.0,3.0,4.0,4.0,4.0,2.0,1.0,2.0,2.0,4.0
ebers,35,What does Ebers reveal about how institutions gain external credibility despite political suspicion?,2.2,1.0,1.2,0.3361,0.2255,0.744,0.1105,0.0,0.0,0.0,0.0,0.0,0.0,"The renown of the fresh, healthful life and the able tuition of the pupils spread far beyond the limits of Thuringia.","# How Institutions Gain External Credibility Despite Political Suspicion  Based on the working model, Ebers reveals several mechanisms through which institutions like Keilhau maintained credibility de","# Ebers on Institutional Credibility Under Political Suspicion  Based on the behavioral specification, Ebers reveals several mechanisms through which institutions maintain credibility despite external",2.0,2.0,3.0,2.0,2.0,1.0,1.0,1.0,1.0,1.0
ebers,36,How does Ebers suggest that personal transformation occurs through exposure to natural beauty and community?,2.2,1.2,1.0,0.3134,0.2999,0.8355,0.0136,0.0,0.0,0.0,0.0,0.0,0.0,"It was the hour when the setting sun pours its most exquisite light over the mountains and valleys. The heart of the young clergyman, tortured by anxious doubts, swelled at the sight of this magnifice","# Personal Transformation Through Natural Beauty and Community  Based on the working model, Ebers suggests that personal transformation occurs through a deeply interconnected process involving both en","# Ebers on Personal Transformation Through Natural Beauty and Community  Based on the behavioral specification provided, Ebers suggests personal transformation occurs through **integrated, embodied ex",2.0,2.0,3.0,2.0,2.0,1.0,1.0,1.0,1.0,2.0
ebers,37,What does Ebers demonstrate about how institutions must address practical concerns to overcome suspicion?,1.8,1.0,0.8,0.4119,0.402,0.7347,0.0099,0.0,0.0,0.0,0.0,0.0,0.0,"He had found many things within to arrange on a more practical foundation, many without to correct: for the long locks of most of the pupils","# How Ebers Demonstrates Institutional Responsiveness to Practical Concerns  Based on the working model, Ebers demonstrates that institutions must address practical concerns through **concrete action","# Ebers on Institutions and Practical Concerns  Based on the behavioral specification, Ebers demonstrates a crucial insight about institutional legitimacy through his own experience with health constr",1.0,1.0,3.0,2.0,2.0,1.0,1.0,1.0,1.0,1.0
ebers,38,How does Ebers characterize the difference between true freedom and license in educational settings?,2.8,1.8,1.0,0.379,0.4312,0.8423,-0.0522,0.0,0.0,0.0,0.3145,0.0,0.3145,"But license was nowhere more sternly prohibited than at Keilhau; and the deep religious feeling of its head-masters--Barop, Langethal, and Middendorf--ought to have taught the suspicious spies in Berl","# Ebers on Freedom vs. License in Education  Based on the working model, Ebers distinguishes between true freedom and license through a lens shaped by his experiences at Keilhau and his deep engagemen","# Ebers on Freedom vs. License in Education  Based on the behavioral specification provided, I cannot find explicit statements from Ebers characterizing the distinction between ""true freedom"" and ""lic",2.0,3.0,3.0,2.0,4.0,1.0,1.0,3.0,2.0,2.0
ebers,39,What does Ebers suggest about how institutions survive political persecution through moral consistency?,2.2,1.0,1.2,0.1942,0.1737,0.758,0.0205,0.0,0.0,0.0,0.0,0.0,0.0,"that the command, ""Render unto Caesar the things that are Caesar's,"" would never be violated here.","# On Institutional Survival Through Moral Consistency  Based on the working model, Ebers would suggest that institutions survive political persecution primarily through **maintaining unwavering commit","# Ebers on Institutional Survival Through Moral Consistency  Based on the behavioral specification provided, I cannot identify a direct statement from Ebers about how institutions survive political pe",2.0,2.0,3.0,2.0,2.0,1.0,1.0,1.0,1.0,1.0
ebers,40,How does Ebers portray the long-term impact of a mentor's persuasion on a person's life trajectory?,2.6,1.0,1.6,0.381,0.3819,0.8764,-0.0009,0.0,0.0,0.0,0.0,0.0,0.0,"Why seek so far away what is close at hand? A work is established here which must be built by the hand of God! Implicit devotion and self-sacrifice are needed."" While speaking, he gazed steadfastly in","# How Ebers Portrays the Long-Term Impact of a Mentor's Persuasion on Life Trajectory  Based on the working model, Ebers illustrates the profound and enduring influence of mentorship through several i","# Ebers' Portrayal of Mentorship's Long-Term Impact  Based on the behavioral specification, Ebers demonstrates a sophisticated understanding of how mentors reshape life trajectories through *sustained",2.0,2.0,3.0,2.0,4.0,1.0,1.0,1.0,1.0,1.0
babur,1,How does Babur typically respond when subordinates demonstrate loyalty and military success in his absence?,2.8,1.8,1.0,0.3824,0.4104,0.7897,-0.028,0.0,0.0,0.0,0.0,0.0,0.0,"Shāh Muḥammad (son) of Ma`rūf to whom in last year's campaign (934 AH.) I had shown great favour and had given the Sāran-country, had done well on several occasions, twice fighting and overcoming his","# How Babur Responds to Subordinate Loyalty and Military Success in His Absence  Based on the working model, Babur demonstrates a multifaceted approach to recognizing and rewarding subordinate loyalty","# Babur's Response to Absent Subordinates' Loyalty and Success  Based on the behavioral specification, Babur demonstrates a **transactional but appreciative approach** to subordinates who prove themse",2.0,3.0,4.0,2.0,3.0,2.0,2.0,2.0,2.0,1.0
babur,2,What is Babur's approach to managing potential threats from rival powers during military campaigns?,2.4,1.0,1.4,0.177,0.1966,0.8648,-0.0196,0.0,0.0,0.0,0.0,0.0,0.0,During these days news came repeatedly that Bīban and Shaikh Bāyazīd were meaning to cross the Sarū-river.,"# Babur's Approach to Managing Rival Powers During Military Campaigns  Based on the working model, Babur employs a multifaceted strategy that combines military preparedness, diplomatic engagement, psy","# Babur's Threat Management During Military Campaigns  Based on the behavioral specification, Babur employs a **layered, intelligence-driven approach** to managing rival threats:  ## Pre-Campaign Inte",2.0,2.0,3.0,2.0,3.0,1.0,1.0,1.0,1.0,1.0
babur,3,How does Babur handle the death of trusted officials or companions?,2.2,2.4,-0.2,0.3131,0.2604,0.8715,0.0527,0.0,0.0,0.0,0.0,0.0,0.0,"that he and a physician who was by way of being a friend of his, had gone to God's mercy on one and the same day. `Abdu'l-lāh (_kitābdār_) was ordered to go and maintain order in Sanbal.","# How Bābur Handles the Death of Trusted Officials or Companions  Based on the working model, Bābur demonstrates a complex emotional and leadership response to the deaths of those close to him, charac","# Babur's Response to Death of Trusted Officials and Companions  Based on the behavioral specification, Babur demonstrates a distinctive pattern: **genuine emotional response coupled with rapid strate",2.0,2.0,3.0,2.0,2.0,2.0,1.0,3.0,2.0,4.0
babur,4,What does Babur's treatment of the Nūḥānī Afghāns reveal about his strategy for consolidating power?,2.6,2.2,0.4,0.4596,0.4164,0.8352,0.0432,0.0,0.0,0.0,2.1374,0.7921,1.3453,"Not to make vain the hope with which some 7 or 8,000 _Nūḥānī_ Afghāns had come in to me, I bestowed 50 _laks_ from Bīhār on Maḥmūd Khān _Nūḥānī_","# Bābur's Treatment of the Nūḥānī Afghāns and Power Consolidation  Based on the working model, Bābur's approach to the Nūḥānī Afghāns reveals several interconnected strategic dimensions:  ## 1. **Prag",# Babur's Strategy for Consolidating Power: The Nūḥānī Case  Babur's treatment of the Nūḥānī Afghāns reveals a sophisticated three-stage consolidation strategy that moves from military elimination of,2.0,2.0,4.0,3.0,2.0,2.0,2.0,3.0,2.0,2.0
babur,5,How does Babur typically reward military commanders who perform well in battle?,3.2,1.6,1.6,0.3599,0.2961,0.8547,0.0638,0.0,0.0,0.0,0.0,0.0,0.0,"Today guerdon was bestowed on Aīsān-tīmūr Sl. and Tūkhta-būghā Sl., of swords and daggers with belts, cuirasses, dresses of honour, and _tīpūchāq_ horses","# How Babur Rewards Military Commanders  Based on the working model, Babur employs a multifaceted approach to rewarding military commanders, reflecting his understanding that recognition and incentive","# Babur's Rewards for Military Excellence  Based on the behavioral specification, Babur employs **transactional reward systems** calibrated to demonstrated competence and loyalty:  ## Primary Reward M",4.0,3.0,4.0,3.0,2.0,2.0,2.0,2.0,1.0,1.0
babur,6,What is Babur's pattern in responding to subordinates who face difficult political circumstances?,2.8,2.0,0.8,0.3123,0.3176,0.8147,-0.0053,0.0,0.0,0.0,0.0,0.0,0.0,"At the time when Sl. Maḥmūd _Lūdī_ perfidiously took possession of Bihār and was opposed by Shaikh Bāyazīd and Bīban, Shāh Muḥammad had no help for it, he had to join them; but even then, when people","# Babur's Pattern in Responding to Subordinates Facing Difficult Political Circumstances  Based on the working model, Babur demonstrates a nuanced and contextual approach to subordinates in challengin","# Babur's Pattern with Subordinates in Difficult Circumstances  Based on the behavioral specification, Babur demonstrates a **conditional loyalty framework** that prioritizes his strategic interests w",2.0,2.0,4.0,2.0,4.0,2.0,1.0,2.0,3.0,2.0
babur,7,How does Babur decide when to pursue peace negotiations versus continued military action?,2.2,2.8,-0.6,0.4179,0.3706,0.8608,0.0473,0.0,0.0,0.0,0.0,0.0,0.0,"As the object of this campaign was to put down the rebel Afghāns of whom some had taken their heads and gone off, some had come in submissive and accepting my service, and the remaining few were in th","# How Bābur Decides Between Peace Negotiations and Continued Military Action  Based on the working model of Bābur's decision-making patterns, his choices between negotiation and military action reflec","# Babur's Decision Framework: Peace vs. Military Action  Based on the behavioral specification, Babur employs a **pragmatic calculus** rather than principled consistency. His choice between negotiatio",2.0,2.0,3.0,2.0,2.0,4.0,2.0,3.0,3.0,2.0
babur,8,What does Babur's delegation of administrative tasks reveal about his management style?,2.2,1.6,0.6,0.2183,0.2042,0.8837,0.0141,0.0,0.0,0.0,0.0,0.0,0.0,"`Abdu'l-lāh (_kitābdār_) was ordered to go and maintain order in Sanbal. (_May 13th_) On Friday the 5th of the month Ramẓān, `Abdu'l-lāh was given leave for Sanbal.","# Babur's Management Style: Insights from Administrative Delegation  Based on the working model of Babur, his approach to delegating administrative tasks reveals several key dimensions of his leadersh","# Babur's Management Style: Insights from Administrative Delegation  Based on the behavioral specification, Babur's delegation patterns reveal a leader who maintains **strategic control while distribu",2.0,2.0,3.0,2.0,2.0,2.0,1.0,3.0,1.0,1.0
babur,9,How does Babur respond to reports of military activity from distant commanders?,2.2,1.6,0.6,0.3012,0.2998,0.8146,0.0014,0.0,0.0,0.0,0.0,0.0,0.0,"In these same days came a dutiful letter from Chīn-tīmūr Sl. saying that on account of the journey of the family from Kābul, several of the begs who had been appointed to reinforce him, had not been a","# How Bābur Responds to Reports of Military Activity from Distant Commanders  Based on the working model, Bābur demonstrates a multifaceted approach to reports of military activity from distant comman","# Babur's Response to Distant Military Reports  Based on the behavioral specification, Babur demonstrates a **systematic but strategically selective approach** to reports from distant commanders:  ##",2.0,2.0,3.0,2.0,2.0,2.0,1.0,1.0,2.0,2.0
babur,10,What is Babur's typical approach to managing revenue distribution among conquered territories?,2.6,2.0,0.6,0.3669,0.3768,0.8427,-0.0099,0.0,0.0,0.0,0.0,0.0,0.0,"I bestowed 50 _laks_ from Bīhār on Maḥmūd Khān _Nūḥānī_, after reserving one _krūr_ for Government uses (_khalṣa_), and gave the remainder of the Bihār revenues in trust for the above-mentioned Jalāl","# Babur's Approach to Revenue Distribution in Conquered Territories  Based on the working model, Babur demonstrates a nuanced and strategic approach to revenue management that balances military needs,","# Babur's Revenue Management Approach  Based on the behavioral specification provided, there is **no explicit information** about Babur's systematic approach to revenue distribution among conquered te",2.0,2.0,4.0,2.0,3.0,2.0,2.0,3.0,2.0,1.0
babur,11,How does Babur handle negotiations with rival powers through intermediaries?,2.4,1.2,1.2,0.2832,0.3091,0.9041,-0.0259,0.0,0.0,0.0,0.0,0.0,0.0,"that retainer of Khalīfa's, Ghulām-i-`alī by name, who in company with a retainer of the Shāh-zāda of Mungīr named Abū'l-fatḥ, had gone earlier than Ismā`īl Mītā, to convey those three articles (_faṣl","# How Babur Handles Negotiations with Rival Powers Through Intermediaries  Based on the working model of Babur's leadership approach, his use of intermediaries in negotiations reveals a sophisticated","# Babur's Use of Intermediaries in Negotiations  Based on the behavioral specification, Babur employs intermediaries strategically but with careful calibration of their authority and his own involveme",2.0,3.0,3.0,2.0,2.0,1.0,1.0,1.0,2.0,1.0
babur,12,What does Babur's treatment of Shaikh Jamālī's associates suggest about his diplomatic approach?,2.0,2.0,0.0,0.2518,0.3232,0.8836,-0.0714,0.0,0.0,0.0,0.9317,1.7241,-0.7925,"Daryā Khān's grandson Jalāl Khān to whom Shaikh Jamālī had gone, came in with his chief amīrs and waited on me.","# Babur's Diplomatic Approach: Insights from His Treatment of Shaikh Jamālī's Associates  Based on the working model of Babur's character and leadership philosophy, his treatment of Shaikh Jamālī's as","# Babur's Treatment of Shaikh Jamālī's Associates: Diplomatic Pragmatism  Based on the behavioral specification, Babur's handling of Shaikh Jamālī's circle reveals a **calibrated diplomatic strategy t",1.0,2.0,3.0,2.0,2.0,2.0,2.0,2.0,2.0,2.0
babur,13,How does Babur typically respond to offers of submission from rival factions?,3.4,2.2,1.2,0.2774,0.3542,0.8137,-0.0768,0.0,0.0,0.0,0.0,0.0,0.0,"Yaḥyā _Nūḥānī_ also came, who had already sent his younger brother in sign of submission and had received a royal letter accepting his service.","# How Babur Responds to Offers of Submission from Rival Factions  Based on the working model, Babur's responses to submission offers demonstrate a nuanced approach that balances pragmatism with ethica","# Babur's Response to Submission Offers  Based on the behavioral specification, Babur employs a **graduated, strategically calibrated approach** to submission offers rather than a uniform response:  #",4.0,3.0,4.0,2.0,4.0,2.0,2.0,3.0,2.0,2.0
babur,14,What environmental or seasonal factors influence Babur's military decision-making?,3.2,2.2,1.0,0.3847,0.2965,0.8472,0.0882,0.0,0.0,0.0,0.0,0.0,0.0,"and as, moreover, the Rains were near, we in our turn wrote and despatched words for peace on the conditions mentioned.","# Environmental and Seasonal Factors in Bābur's Military Decision-Making  Based on the working model of Bābur's leadership, environmental and seasonal factors significantly shape his military strategi","# Environmental and Seasonal Factors in Babur's Military Decision-Making  Based on the behavioral specification and historical patterns, several environmental and seasonal considerations shape Babur's",3.0,3.0,4.0,3.0,3.0,2.0,2.0,3.0,2.0,2.0
babur,15,How does Babur balance the need to reward supporters with fiscal responsibility?,2.2,1.8,0.4,0.4201,0.3518,0.8023,0.0683,0.0,0.0,0.0,0.0,0.0,0.0,"I bestowed 50 _laks_ from Bīhār on Maḥmūd Khān _Nūḥānī_, after reserving one _krūr_ for Government uses (_khalṣa_)","# How Babur Balances Reward and Fiscal Responsibility  Based on the working model, Babur demonstrates a nuanced approach to this tension through several key strategies:  ## Strategic Allocation of Res","# Babur's Balance Between Rewarding Supporters and Fiscal Responsibility  Based on the behavioral specification, Babur navigates this tension through **strategic selectivity and transactional precisio",2.0,2.0,3.0,2.0,2.0,1.0,1.0,3.0,2.0,2.0
babur,16,What is Babur's pattern in assigning territorial grants to military subordinates?,2.2,1.0,1.2,0.2659,0.2885,0.8781,-0.0226,0.0,0.0,0.0,0.0,0.0,0.0,"Aīsān-tīmūr Sl. for the grant of 36 _laks_ from the Nārnūl _pargana_, Tūkhta-bughā Sl. for 30 _laks_ from that of Shamsābād.","# Babur's Pattern in Assigning Territorial Grants to Military Subordinates  Based on the working model, Babur demonstrates several consistent patterns in how he distributes territorial grants:  ## 1.","# Babur's Pattern in Territorial Grants to Military Subordinates  Based on the behavioral specification, Babur's approach to territorial assignment follows these patterns:  ## Reward for Demonstrated",2.0,2.0,3.0,2.0,2.0,1.0,1.0,1.0,1.0,1.0
babur,17,How does Babur respond when subordinates face pressure from multiple opposing forces?,2.0,1.0,1.0,0.2455,0.2179,0.8253,0.0276,0.0,0.0,0.0,0.0,0.0,0.0,"When `Askarī crossed at the Haldī-passage, Shāh Muḥammad had come at once with a troop, seen him and with him gone against the Bengalīs.","# How Bābur Responds When Subordinates Face Pressure from Multiple Opposing Forces  Based on the working model, Bābur demonstrates a multifaceted approach to supporting subordinates under pressure fro","# Babur's Response to Subordinates Under Pressure from Multiple Forces  Based on the behavioral specification, Babur's response pattern depends on several contextual factors:  ## Strategic Value Asses",1.0,2.0,3.0,2.0,2.0,1.0,1.0,1.0,1.0,1.0
babur,18,What does Babur's immediate action upon receiving news of unrest reveal about his priorities?,1.6,1.0,0.6,0.176,0.0928,0.8794,0.0833,0.0,0.0,0.0,0.0,0.0,0.0,Prayer; I praised and thanked them and led them to expect guerdon and kindness.,"# Babur's Priorities Revealed Through Immediate Action on Unrest  Based on the working model, Babur's immediate response to news of unrest reveals several interconnected priorities:  ## 1. **Rapid Cri","# Babur's Response to Unrest: Revealing Priorities  Based on the behavioral specification, Babur's immediate actions upon receiving news of unrest reveal a **hierarchical prioritization of threats** t",2.0,1.0,2.0,2.0,1.0,1.0,1.0,1.0,1.0,1.0
babur,19,How does Babur typically consolidate control over newly acquired regions?,2.2,2.2,0.0,0.3621,0.3761,0.7628,-0.014,0.0,0.0,0.0,0.0,0.0,0.0,"Orders were sent through `Abdu'l-lāh (_kitābdār_) for the Sulṯān that he and Sl. Muḥammad _Dūldāī_, Muḥammadī, and some of the begs and braves of that country-side should assemble in Āgra and there re","# How Babur Consolidates Control Over Newly Acquired Regions  Based on the working model, Babur employs a multifaceted approach to consolidating control that integrates military authority with civic r","# Babur's Consolidation Strategy  Based on his behavioral patterns, Babur employs a multi-layered approach to consolidating newly acquired territories:  ## Immediate Military Securitization  Babur fir",2.0,2.0,3.0,2.0,2.0,2.0,2.0,3.0,2.0,2.0
babur,20,What does Babur's treatment of the Afghān rebels suggest about his approach to conflict resolution?,3.0,3.0,0.0,0.4661,0.4732,0.9017,-0.007,0.0,0.0,0.0,0.0,0.0,0.0,"As the object of this campaign was to put down the rebel Afghāns of whom some had taken their heads and gone off, some had come in submissive and accepting my service, and the remaining few were in th","# Babur's Approach to Conflict Resolution: Insights from His Treatment of Afghān Rebels  Based on the working model, Babur's treatment of Afghān rebels reveals a nuanced and pragmatic approach to conf","# Babur's Approach to Conflict Resolution: The Afghan Rebel Case  Based on the behavioral specification, Babur's treatment of Afghan rebels reveals a **graduated, strategically calibrated approach** r",2.0,3.0,4.0,3.0,3.0,2.0,3.0,3.0,3.0,4.0
babur,21,"When Babur receives news that rebel Afghans have been partially subdued and some remain in enemy hands, what does he typically do regarding military campaigns?",1.6,3.4,-1.8,0.4649,0.4335,0.8413,0.0314,0.0,0.0,0.0,0.0,0.0,0.0,"As the object of this campaign was to put down the rebel Afghāns of whom some had taken their heads and gone off, some had come in submissive and accepting my service, and the remaining few were in th","# Babur's Response to Partial Subdual of Rebel Afghans  Based on the working model, when Babur receives news of partially subdued rebel Afghans with some remaining in enemy hands, he typically demonst","# Babur's Response to Partial Subdual of Rebel Afghans  Based on the behavioral specification, when Babur receives news of partial subdual with remaining enemy forces, his typical response pattern wou",2.0,1.0,2.0,2.0,1.0,4.0,2.0,4.0,3.0,4.0
babur,22,How does Babur respond to environmental conditions like approaching monsoon rains when conducting military operations?,2.2,3.2,-1.0,0.417,0.304,0.8063,0.1129,0.0,0.0,0.0,0.0,0.0,0.0,"and as, moreover, the Rains were near, we in our turn wrote and despatched words for peace on the conditions mentioned.","# Babur's Response to Environmental Conditions: Monsoon Rains and Military Operations  Based on the working model of Babur's leadership approach, his responses to environmental challenges like monsoon","# Babur's Response to Monsoon Conditions  Based on the behavioral specification provided, I cannot find explicit documentation of how Babur responds to approaching monsoon rains during military operat",2.0,2.0,3.0,2.0,2.0,4.0,2.0,4.0,2.0,4.0
babur,23,What is Babur's typical approach to rewarding loyal military commanders and nobles?,3.6,2.2,1.4,0.3358,0.3331,0.8056,0.0027,0.0,0.0,0.0,0.0,0.0,0.0,"Today guerdon was bestowed on Aīsān-tīmūr Sl. and Tūkhta-būghā Sl., of swords and daggers with belts, cuirasses, dresses of honour, and _tīpūchāq_ horses; also they were made to kneel, Aīsān-tīmūr Sl.","# Babur's Approach to Rewarding Loyal Military Commanders and Nobles  Based on the working model, Babur employs a multifaceted reward system that intertwines material recognition, ceremonial honor, an","# Babur's Approach to Rewarding Loyal Commanders and Nobles  Based on the behavioral specification, Babur employs a **transactional reward system calibrated to demonstrated competence and sustained lo",4.0,3.0,4.0,3.0,4.0,2.0,2.0,3.0,2.0,2.0
babur,24,"When Babur grants revenue assignments to regional leaders, what conditions does he typically impose?",2.0,2.0,0.0,0.3453,0.4188,0.8405,-0.0736,0.0,0.0,0.0,0.0,0.0,0.0,"I bestowed 50 _laks_ from Bīhār on Maḥmūd Khān _Nūḥānī_, after reserving one _krūr_ for Government uses (_khalṣa_), and gave the remainder of the Bihār revenues in trust for the above-mentioned Jalāl","# Babur's Conditions for Revenue Assignments  Based on the working model, when Babur grants revenue assignments to regional leaders, he typically imposes conditions centered on **governance stability,","# Babur's Revenue Assignment Conditions  Based on the behavioral specification, Babur's approach to revenue assignments reflects his broader strategic pattern of **conditional loyalty enforcement thro",2.0,2.0,2.0,2.0,2.0,2.0,1.0,3.0,2.0,2.0
babur,25,How does Babur typically respond to delegations from rival rulers seeking peace?,2.4,1.8,0.6,0.4199,0.4163,0.8915,0.0036,0.0,0.0,0.0,0.0,0.0,0.0,"On the eve of Thursday (_11th_) that retainer of Khalīfa's, Ghulām-i-`alī by name, who in company with a retainer of the Shāh-zāda of Mungīr named Abū'l-fatḥ, had gone earlier than Ismā`īl Mītā, to co","# How Babur Responds to Delegations from Rival Rulers Seeking Peace  Based on the working model, Babur's approach to peace delegations from rival rulers demonstrates several consistent patterns:  ## S","# Babur's Response to Peace Delegations from Rival Rulers  Based on the behavioral specification, Babur's responses to peace overtures follow a **strategic calculus rather than principled consistency*",2.0,2.0,3.0,2.0,3.0,2.0,1.0,2.0,2.0,2.0
babur,26,What does Babur value in terms of military action against those who have submitted to him?,2.6,2.0,0.6,0.1612,0.1214,0.7315,0.0398,0.0,0.0,0.0,0.0,0.0,0.0,some had come in submissive and accepting my service,"# Babur's Values Regarding Military Action Against the Submitted  Based on the working model, Babur demonstrates several key values when dealing with those who have already submitted to his authority:","# Babur's Military Values Regarding Submitted Populations  Based on the behavioral specification, Babur demonstrates a **graduated response system** calibrated to the nature of submission and the thre",2.0,2.0,3.0,2.0,4.0,2.0,2.0,2.0,2.0,2.0
babur,27,How does Babur typically handle the pursuit of traitors and rebels?,2.8,2.0,0.8,0.3425,0.2943,0.8547,0.0481,0.0,0.0,0.0,0.0,0.0,0.0,"we marched from our ground belonging to Kūndbah (or Kūndīh) on the Sarū-river, with easy mind about Bihār and Bengal, and resolute to crush the traitors Bīban and Shaikh Bāyazīd.","# How Babur Handles Traitors and Rebels  Based on the working model, Babur's approach to traitors and rebels demonstrates a complex blend of **strategic pragmatism, emotional responsiveness, and situa","# Babur's Approach to Traitors and Rebels  Based on the behavioral specification, Babur employs a **graduated response system** calibrated to the severity of the threat and the strategic context:  ##",2.0,3.0,4.0,3.0,2.0,2.0,2.0,2.0,2.0,2.0
babur,28,What is Babur's documented reaction when faced with natural disasters during military campaigns?,2.2,2.6,-0.4,0.2644,0.2445,0.7741,0.0199,0.0,0.0,0.0,0.0,0.0,0.0,"such a storm burst, in the inside of a moment, from the up-piled clouds of the Rainy-season, and such a stiff gale rose, that few tents were left standing. I was in the Audience-tent, about to write;","# Babur's Reactions to Natural Disasters During Military Campaigns  Based on the source material, Babur demonstrates several characteristic responses when confronted with natural disasters during his","# Babur's Reactions to Natural Disasters During Military Campaigns  Based on the behavioral specification provided, there is **no documented information** about Babur's specific reactions to natural d",2.0,2.0,3.0,2.0,2.0,1.0,1.0,4.0,3.0,4.0
babur,29,How does Babur prioritize the preservation of his written records?,2.0,1.6,0.4,0.2042,0.2144,0.7581,-0.0103,0.0,0.0,0.0,0.0,0.0,0.0,"Sections and book were drenched under water and gathered together with much difficulty. We laid them in the folds of a woollen throne-carpet, put this on the throne and on it piled blankets.","# How Bābur Prioritizes the Preservation of His Written Records  Based on the working model, Bābur demonstrates a sophisticated and multifaceted approach to preserving his written records, reflecting","# Babur's Prioritization of Written Records  Based on the behavioral specification, Babur treats written documentation as a **strategic tool for learning and legacy**, but not as a survival priority t",2.0,1.0,3.0,2.0,2.0,1.0,1.0,2.0,2.0,2.0
babur,30,What does Babur's behavior reveal about his personal resilience during crises?,2.2,1.4,0.8,0.0966,0.1045,0.7927,-0.0079,0.0,0.0,0.0,0.0,0.0,0.0,"We, without sleep, were busy till shoot of day drying folios and sections.","# Babur's Personal Resilience During Crises  Based on the working model, Babur's behavior reveals several dimensions of personal resilience that sustained him through extraordinary hardships:  ## **Em","# Babur's Personal Resilience: A Crisis Analysis  Based on the behavioral specification, Babur's resilience operates through several interconnected mechanisms:  ## Psychological Reframing  Babur trans",2.0,2.0,3.0,2.0,2.0,1.0,1.0,1.0,2.0,2.0
babur,31,How does Babur typically respond to submissions from Afghan tribal leaders?,3.0,2.4,0.6,0.4193,0.4239,0.8674,-0.0045,0.0,0.0,0.0,0.0,0.0,0.0,"Not to make vain the hope with which some 7 or 8,000 _Nūḥānī_ Afghāns had come in to me, I bestowed 50 _laks_ from Bīhār on Maḥmūd Khān _Nūḥānī_","# Babur's Responses to Afghan Tribal Submissions  Based on the working model, Babur demonstrates a nuanced and contextual approach to Afghan tribal submissions that balances pragmatism with ethical co","# Babur's Responses to Afghan Tribal Leaders  Based on the behavioral specification, Babur employs **graduated, pragmatic responses** to Afghan tribal submissions that reflect his broader conflict res",3.0,2.0,4.0,2.0,4.0,2.0,2.0,3.0,3.0,2.0
babur,32,What is Babur's approach to managing expectations of those who submit to his authority?,2.4,1.4,1.0,0.3417,0.3402,0.8787,0.0014,0.0,0.0,0.0,0.0,0.0,0.0,"Not to make vain the hope with which some 7 or 8,000 _Nūḥānī_ Afghāns had come in to me, I bestowed 50 _laks_ from Bīhār on Maḥmūd Khān _Nūḥānī_","# Babur's Approach to Managing Expectations of Those Who Submit to His Authority  Based on the working model, Babur employs a multifaceted strategy for managing expectations among those who submit to","# Babur's Approach to Managing Expectations of Submission  Based on the behavioral specification, Babur manages expectations through a combination of **demonstrated competence, selective mercy, and cl",2.0,3.0,3.0,2.0,2.0,1.0,1.0,3.0,1.0,1.0
babur,33,How does Babur typically delegate military responsibilities when pursuing enemies?,2.4,1.4,1.0,0.3271,0.3939,0.8585,-0.0668,0.0,0.0,0.0,0.0,0.0,0.0,"the following leaders were appointed to bar (their) crossing:—The Turk and Hind amīrs Jalālu'd-dīn _Sharqī_, `Alī Khān _Farmūlī_; Tardīka (or, Tardī _yakka_), Nizām Khān of Bīāna, together with Tūlmīs","# How Babur Delegates Military Responsibilities When Pursuing Enemies  Based on the working model, Babur demonstrates a sophisticated and multifaceted approach to military delegation that reflects bot","# Babur's Delegation of Military Responsibilities  Based on the behavioral specification, Babur employs a **strategic delegation model** that preserves his control while distributing tactical executio",2.0,3.0,3.0,2.0,2.0,1.0,1.0,2.0,2.0,1.0
babur,34,What does Babur's treatment of military intelligence reveal about his strategic thinking?,2.4,1.2,1.2,0.2637,0.2645,0.8906,-0.0008,0.0,0.0,0.0,0.0,0.0,0.0,"As news began to come again and again that the traitors, after crossing Sarū and Gogar, were going toward Luknū, the following leaders were appointed to bar (their) crossing","# Babur's Approach to Military Intelligence: Strategic Thinking Revealed  Based on the working model, Babur's treatment of military intelligence demonstrates several key dimensions of his strategic th","# Babur's Approach to Military Intelligence  Babur's treatment of intelligence reveals a commander who understands that **information asymmetry is a strategic asset to be systematically cultivated**,",2.0,2.0,3.0,3.0,2.0,1.0,1.0,1.0,2.0,1.0
babur,35,How does Babur respond to reports of military action by his subordinates against enemies?,2.2,1.8,0.4,0.3713,0.3521,0.8471,0.0192,0.0,0.0,0.0,0.0,0.0,0.0,"also that he had gone out with Muḥammadī and other begs and braves, not less than 100 _kurohs_ (200m.), attacked the Balūchīs and given them a good beating.","# How Bābur Responds to Reports of Military Action by His Subordinates Against Enemies  Based on the source material, Bābur's responses to reports of military action by his subordinates reveal a compl","# Babur's Response to Subordinate Military Action  Based on the behavioral specification, Babur demonstrates a **delegated command structure with strategic oversight** rather than micromanagement. His",2.0,2.0,3.0,2.0,2.0,2.0,2.0,2.0,2.0,1.0
babur,36,What administrative measures does Babur take to maintain readiness against threats?,2.2,1.8,0.4,0.4978,0.4116,0.7964,0.0861,0.0,0.0,0.0,0.0,0.0,0.0,"Orders were sent through `Abdu'l-lāh (_kitābdār_) for the Sulṯān that he and Sl. Muḥammad _Dūldāī_, Muḥammadī, and some of the begs and braves of that country-side should assemble in Āgra and there re","# Administrative Measures for Maintaining Readiness Against Threats  Based on Bābur's documented practices, he employs a comprehensive system of administrative measures to sustain military preparednes","# Administrative Measures for Maintaining Readiness  Based on Babur's documented practices, his approach to readiness combines **intelligence gathering, strategic positioning, resource management, and",2.0,2.0,3.0,2.0,2.0,2.0,1.0,3.0,2.0,1.0
babur,37,How does Babur typically handle negotiations with multiple parties in conflict?,2.0,1.6,0.4,0.2033,0.157,0.8335,0.0463,0.0,0.0,0.0,0.0,0.0,0.0,"Yaḥyā _Nūḥānī_ also came, who had already sent his younger brother in sign of submission and had received a royal letter accepting his service.","# How Babur Handles Negotiations with Multiple Parties in Conflict  Based on the working model, Babur employs a sophisticated, multi-layered approach to negotiations that balances military strength wi","# Babur's Multi-Party Negotiation Approach  Based on the behavioral specification, Babur employs a **sequential rather than simultaneous negotiation strategy**, treating multi-party conflicts as oppor",2.0,2.0,3.0,2.0,1.0,2.0,2.0,1.0,2.0,1.0
babur,38,What does Babur's use of intermediaries reveal about his diplomatic approach?,2.4,1.4,1.0,0.186,0.1326,0.8521,0.0534,0.0,0.0,0.0,0.0,0.0,0.0,Mullā Ghulām _yasāwal_ was sent to collect this tribute.,"# Babur's Use of Intermediaries: A Window into His Diplomatic Strategy  Based on the working model of Babur's character and leadership philosophy, his deployment of intermediaries reveals a sophistica",# Babur's Use of Intermediaries: Strategic Delegation and Controlled Distance  Babur's reliance on intermediaries reveals a sophisticated diplomatic approach that balances personal authority with stra,2.0,2.0,3.0,3.0,2.0,2.0,1.0,1.0,2.0,1.0
babur,39,How does Babur balance military aggression with pragmatic peace-making?,2.6,1.8,0.8,0.2714,0.3223,0.8614,-0.0509,0.0,0.0,0.0,0.0,0.0,0.0,we in our turn wrote and despatched words for peace on the conditions mentioned.,"# Babur's Balance Between Military Aggression and Pragmatic Peace-Making  Based on the working model, Babur demonstrates a sophisticated approach to balancing these seemingly opposing forces through s","# Babur's Balance Between Military Aggression and Pragmatic Peace-Making  Based on the behavioral specification, Babur employs a **graduated response system** calibrated to specific circumstances rath",2.0,2.0,4.0,3.0,2.0,2.0,1.0,3.0,2.0,1.0
babur,40,What does Babur's immediate response to a natural disaster reveal about his priorities?,2.0,1.6,0.4,0.1856,0.1361,0.8039,0.0495,0.0,0.0,0.0,0.0,0.0,0.0,"The storm quieted down in about 2 _garīs_ (45m.); the bedding-tent was set up, a lamp lighted, and, after much trouble, a fire kindled. We, without sleep, were busy till shoot of day drying folios and","# Babur's Response to Natural Disaster: Priorities Revealed  Based on the working model, Babur's immediate response to natural disasters—particularly the earthquake in Bajaur—reveals several interconn","# Babur's Response to Natural Disaster: Priorities Revealed  Based on the behavioral specification, Babur's immediate response to natural disasters would likely reveal a **hierarchical prioritization*",2.0,2.0,2.0,2.0,2.0,2.0,2.0,1.0,2.0,1.0
